{
	"info": {
		"_postman_id": "6b0c590a-f476-4fe8-95f6-4f91c1905868",
		"name": "vinedo-apis",
		"schema": "https://schema.getpostman.com/json/collection/v2.1.0/collection.json",
		"_exporter_id": "40834155",
		"_collection_link": "https://e-commerce-2625.postman.co/workspace/vinedo~388fd47f-bcbd-47b1-8d5d-bbb95177da03/collection/40834155-6b0c590a-f476-4fe8-95f6-4f91c1905868?action=share&source=collection_link&creator=40834155"
	},
	"item": [
		{
			"name": "user-auth",
			"item": [
				{
					"name": "sign-up",
					"request": {
						"method": "POST",
						"header": [],
						"body": {
							"mode": "raw",
							"raw": "{\r\n    \"email\": \"test2@xfample.com\",\r\n    \"password\": \"mypassword123\"\r\n}",
							"options": {
								"raw": {
									"language": "json"
								}
							}
						},
						"url": {
							"raw": "{{url}}/auth/sign-up",
							"host": [
								"{{url}}"
							],
							"path": [
								"auth",
								"sign-up"
							]
						}
					},
					"response": []
				},
				{
					"name": "sign-in",
					"request": {
						"method": "POST",
						"header": [],
						"body": {
							"mode": "raw",
							"raw": "{\r\n    \"email\": \"test@xfample.com\",\r\n    \"password\": \"mypassword123\"\r\n}",
							"options": {
								"raw": {
									"language": "json"
								}
							}
						},
						"url": {
							"raw": "{{url}}/auth/sign-in",
							"host": [
								"{{url}}"
							],
							"path": [
								"auth",
								"sign-in"
							]
						}
					},
					"response": []
				}
			]
		}
	],
	"event": [
		{
			"listen": "prerequest",
			"script": {
				"type": "text/javascript",
				"packages": {},
				"exec": [
					""
				]
			}
		},
		{
			"listen": "test",
			"script": {
				"type": "text/javascript",
				"packages": {},
				"exec": [
					""
				]
			}
		}
	],
	"variable": [
		{
			"key": "url",
			"value": "http://localhost:4000/api",
			"type": "string"
		}
	]
}