{
    "keep": {
        "days": true,
        "amount": 30
    },
    "auditLog": "C:\\office\\vinedo\\src\\logs\\.b27fa2f8c605bc221ddc54da004cbbaf63a4d06f-audit.json",
    "files": [
        {
            "date": 1736921461280,
            "name": "C:\\office\\vinedo\\src\\logs\\2025-01-15.log",
            "hash": "52048e99a8c3a0849096502fc0bfe410255f5d2f1b60673c7b0da9837f8710d0"
        },
        {
            "date": 1737015839540,
            "name": "C:\\office\\vinedo\\src\\logs\\2025-01-16.log",
            "hash": "eebe47a466b2cd4a823baadaed94a1589918b87f1da04e11bbee950e9d2c12a7"
        },
        {
            "date": 1737091519072,
            "name": "C:\\office\\vinedo\\src\\logs\\2025-01-17.log",
            "hash": "248ab1c845765289ae4ff3d86a32153da447e76277643a96873886c0330711c2"
        },
        {
            "date": 1737185297237,
            "name": "C:\\office\\vinedo\\src\\logs\\2025-01-18.log",
            "hash": "949c84f54449f1ba8eadc3d27643262323707a45718dcba5833767f1321f23ee"
        },
        {
            "date": 1737351311592,
            "name": "C:\\office\\vinedo\\src\\logs\\2025-01-20.log",
            "hash": "b63261609df283ae56c7091ec42ea845de2df9012a0f7a2d296f3550bc2ee8a0"
        }
    ],
    "hashType": "sha256"
}